<?xml version="1.0" encoding="UTF-8"?>
<root>
  <item name="com.springever.util.android.ConvertUtils long millis2TimeSpan(long, int) 1">
    <annotation name="android.support.annotation.IntDef">
      <val name="value" val="{com.springever.util.android.TimeConstants.MSEC, com.springever.util.android.TimeConstants.SEC, com.springever.util.android.TimeConstants.MIN, com.springever.util.android.TimeConstants.HOUR, com.springever.util.android.TimeConstants.DAY}" />
    </annotation>
  </item>
  <item name="com.springever.util.android.ConvertUtils long timeSpan2Millis(long, int) 1">
    <annotation name="android.support.annotation.IntDef">
      <val name="value" val="{com.springever.util.android.TimeConstants.MSEC, com.springever.util.android.TimeConstants.SEC, com.springever.util.android.TimeConstants.MIN, com.springever.util.android.TimeConstants.HOUR, com.springever.util.android.TimeConstants.DAY}" />
    </annotation>
  </item>
  <item name="com.springever.util.android.LogUtils void file(int, java.lang.Object) 0">
    <annotation name="android.support.annotation.IntDef">
      <val name="value" val="{com.springever.util.android.LogUtils.V, com.springever.util.android.LogUtils.D, com.springever.util.android.LogUtils.I, com.springever.util.android.LogUtils.W, com.springever.util.android.LogUtils.E, com.springever.util.android.LogUtils.A}" />
    </annotation>
  </item>
  <item name="com.springever.util.android.LogUtils void file(int, java.lang.String, java.lang.Object) 0">
    <annotation name="android.support.annotation.IntDef">
      <val name="value" val="{com.springever.util.android.LogUtils.V, com.springever.util.android.LogUtils.D, com.springever.util.android.LogUtils.I, com.springever.util.android.LogUtils.W, com.springever.util.android.LogUtils.E, com.springever.util.android.LogUtils.A}" />
    </annotation>
  </item>
  <item name="com.springever.util.android.LogUtils void json(int, java.lang.String) 0">
    <annotation name="android.support.annotation.IntDef">
      <val name="value" val="{com.springever.util.android.LogUtils.V, com.springever.util.android.LogUtils.D, com.springever.util.android.LogUtils.I, com.springever.util.android.LogUtils.W, com.springever.util.android.LogUtils.E, com.springever.util.android.LogUtils.A}" />
    </annotation>
  </item>
  <item name="com.springever.util.android.LogUtils void json(int, java.lang.String, java.lang.String) 0">
    <annotation name="android.support.annotation.IntDef">
      <val name="value" val="{com.springever.util.android.LogUtils.V, com.springever.util.android.LogUtils.D, com.springever.util.android.LogUtils.I, com.springever.util.android.LogUtils.W, com.springever.util.android.LogUtils.E, com.springever.util.android.LogUtils.A}" />
    </annotation>
  </item>
  <item name="com.springever.util.android.LogUtils void xml(int, java.lang.String) 0">
    <annotation name="android.support.annotation.IntDef">
      <val name="value" val="{com.springever.util.android.LogUtils.V, com.springever.util.android.LogUtils.D, com.springever.util.android.LogUtils.I, com.springever.util.android.LogUtils.W, com.springever.util.android.LogUtils.E, com.springever.util.android.LogUtils.A}" />
    </annotation>
  </item>
  <item name="com.springever.util.android.LogUtils void xml(int, java.lang.String, java.lang.String) 0">
    <annotation name="android.support.annotation.IntDef">
      <val name="value" val="{com.springever.util.android.LogUtils.V, com.springever.util.android.LogUtils.D, com.springever.util.android.LogUtils.I, com.springever.util.android.LogUtils.W, com.springever.util.android.LogUtils.E, com.springever.util.android.LogUtils.A}" />
    </annotation>
  </item>
  <item name="com.springever.util.android.LogUtils.Builder com.springever.util.android.LogUtils.Builder setConsoleFilter(int) 0">
    <annotation name="android.support.annotation.IntDef">
      <val name="value" val="{com.springever.util.android.LogUtils.V, com.springever.util.android.LogUtils.D, com.springever.util.android.LogUtils.I, com.springever.util.android.LogUtils.W, com.springever.util.android.LogUtils.E, com.springever.util.android.LogUtils.A}" />
    </annotation>
  </item>
  <item name="com.springever.util.android.LogUtils.Builder com.springever.util.android.LogUtils.Builder setFileFilter(int) 0">
    <annotation name="android.support.annotation.IntDef">
      <val name="value" val="{com.springever.util.android.LogUtils.V, com.springever.util.android.LogUtils.D, com.springever.util.android.LogUtils.I, com.springever.util.android.LogUtils.W, com.springever.util.android.LogUtils.E, com.springever.util.android.LogUtils.A}" />
    </annotation>
  </item>
  <item name="com.springever.util.android.SnackbarUtils com.springever.util.android.SnackbarUtils setDuration(int) 0">
    <annotation name="android.support.annotation.IntDef">
      <val name="value" val="{com.springever.util.android.SnackbarUtils.LENGTH_INDEFINITE, com.springever.util.android.SnackbarUtils.LENGTH_SHORT, com.springever.util.android.SnackbarUtils.LENGTH_LONG}" />
    </annotation>
  </item>
  <item name="com.springever.util.android.SnackbarUtils.Duration">
    <annotation name="android.support.annotation.IntDef">
      <val name="value" val="{com.springever.util.android.SnackbarUtils.LENGTH_INDEFINITE, com.springever.util.android.SnackbarUtils.LENGTH_SHORT, com.springever.util.android.SnackbarUtils.LENGTH_LONG}" />
    </annotation>
  </item>
  <item name="com.springever.util.android.SpanUtils com.springever.util.android.SpanUtils appendImage(android.graphics.Bitmap, int) 1">
    <annotation name="android.support.annotation.IntDef">
      <val name="value" val="{com.springever.util.android.SpanUtils.ALIGN_BOTTOM, com.springever.util.android.SpanUtils.ALIGN_BASELINE, com.springever.util.android.SpanUtils.ALIGN_CENTER, com.springever.util.android.SpanUtils.ALIGN_TOP}" />
    </annotation>
  </item>
  <item name="com.springever.util.android.SpanUtils com.springever.util.android.SpanUtils appendImage(android.graphics.drawable.Drawable, int) 1">
    <annotation name="android.support.annotation.IntDef">
      <val name="value" val="{com.springever.util.android.SpanUtils.ALIGN_BOTTOM, com.springever.util.android.SpanUtils.ALIGN_BASELINE, com.springever.util.android.SpanUtils.ALIGN_CENTER, com.springever.util.android.SpanUtils.ALIGN_TOP}" />
    </annotation>
  </item>
  <item name="com.springever.util.android.SpanUtils com.springever.util.android.SpanUtils appendImage(android.net.Uri, int) 1">
    <annotation name="android.support.annotation.IntDef">
      <val name="value" val="{com.springever.util.android.SpanUtils.ALIGN_BOTTOM, com.springever.util.android.SpanUtils.ALIGN_BASELINE, com.springever.util.android.SpanUtils.ALIGN_CENTER, com.springever.util.android.SpanUtils.ALIGN_TOP}" />
    </annotation>
  </item>
  <item name="com.springever.util.android.SpanUtils com.springever.util.android.SpanUtils appendImage(int, int) 1">
    <annotation name="android.support.annotation.IntDef">
      <val name="value" val="{com.springever.util.android.SpanUtils.ALIGN_BOTTOM, com.springever.util.android.SpanUtils.ALIGN_BASELINE, com.springever.util.android.SpanUtils.ALIGN_CENTER, com.springever.util.android.SpanUtils.ALIGN_TOP}" />
    </annotation>
  </item>
  <item name="com.springever.util.android.SpanUtils com.springever.util.android.SpanUtils setIconMargin(android.graphics.Bitmap, int, int) 2">
    <annotation name="android.support.annotation.IntDef">
      <val name="value" val="{com.springever.util.android.SpanUtils.ALIGN_BOTTOM, com.springever.util.android.SpanUtils.ALIGN_BASELINE, com.springever.util.android.SpanUtils.ALIGN_CENTER, com.springever.util.android.SpanUtils.ALIGN_TOP}" />
    </annotation>
  </item>
  <item name="com.springever.util.android.SpanUtils com.springever.util.android.SpanUtils setIconMargin(android.graphics.drawable.Drawable, int, int) 2">
    <annotation name="android.support.annotation.IntDef">
      <val name="value" val="{com.springever.util.android.SpanUtils.ALIGN_BOTTOM, com.springever.util.android.SpanUtils.ALIGN_BASELINE, com.springever.util.android.SpanUtils.ALIGN_CENTER, com.springever.util.android.SpanUtils.ALIGN_TOP}" />
    </annotation>
  </item>
  <item name="com.springever.util.android.SpanUtils com.springever.util.android.SpanUtils setIconMargin(android.net.Uri, int, int) 2">
    <annotation name="android.support.annotation.IntDef">
      <val name="value" val="{com.springever.util.android.SpanUtils.ALIGN_BOTTOM, com.springever.util.android.SpanUtils.ALIGN_BASELINE, com.springever.util.android.SpanUtils.ALIGN_CENTER, com.springever.util.android.SpanUtils.ALIGN_TOP}" />
    </annotation>
  </item>
  <item name="com.springever.util.android.SpanUtils com.springever.util.android.SpanUtils setIconMargin(int, int, int) 2">
    <annotation name="android.support.annotation.IntDef">
      <val name="value" val="{com.springever.util.android.SpanUtils.ALIGN_BOTTOM, com.springever.util.android.SpanUtils.ALIGN_BASELINE, com.springever.util.android.SpanUtils.ALIGN_CENTER, com.springever.util.android.SpanUtils.ALIGN_TOP}" />
    </annotation>
  </item>
  <item name="com.springever.util.android.SpanUtils com.springever.util.android.SpanUtils setLineHeight(int, int) 1">
    <annotation name="android.support.annotation.IntDef">
      <val name="value" val="{com.springever.util.android.SpanUtils.ALIGN_BOTTOM, com.springever.util.android.SpanUtils.ALIGN_BASELINE, com.springever.util.android.SpanUtils.ALIGN_CENTER, com.springever.util.android.SpanUtils.ALIGN_TOP}" />
    </annotation>
  </item>
  <item name="com.springever.util.android.SpanUtils.Align">
    <annotation name="android.support.annotation.IntDef">
      <val name="value" val="{com.springever.util.android.SpanUtils.ALIGN_BOTTOM, com.springever.util.android.SpanUtils.ALIGN_BASELINE, com.springever.util.android.SpanUtils.ALIGN_CENTER, com.springever.util.android.SpanUtils.ALIGN_TOP}" />
    </annotation>
  </item>
  <item name="com.springever.util.android.ThreadPoolUtils ThreadPoolUtils(int, int) 0">
    <annotation name="android.support.annotation.IntDef">
      <val name="value" val="{com.springever.util.android.ThreadPoolUtils.FixedThread, com.springever.util.android.ThreadPoolUtils.CachedThread, com.springever.util.android.ThreadPoolUtils.SingleThread}" />
    </annotation>
  </item>
  <item name="com.springever.util.android.ThreadPoolUtils.Type">
    <annotation name="android.support.annotation.IntDef">
      <val name="value" val="{com.springever.util.android.ThreadPoolUtils.FixedThread, com.springever.util.android.ThreadPoolUtils.CachedThread, com.springever.util.android.ThreadPoolUtils.SingleThread}" />
    </annotation>
  </item>
  <item name="com.springever.util.android.TimeConstants.Unit">
    <annotation name="android.support.annotation.IntDef">
      <val name="value" val="{com.springever.util.android.TimeConstants.MSEC, com.springever.util.android.TimeConstants.SEC, com.springever.util.android.TimeConstants.MIN, com.springever.util.android.TimeConstants.HOUR, com.springever.util.android.TimeConstants.DAY}" />
    </annotation>
  </item>
  <item name="com.springever.util.android.TimeUtils java.lang.String getString(java.lang.String, java.text.DateFormat, long, int) 3">
    <annotation name="android.support.annotation.IntDef">
      <val name="value" val="{com.springever.util.android.TimeConstants.MSEC, com.springever.util.android.TimeConstants.SEC, com.springever.util.android.TimeConstants.MIN, com.springever.util.android.TimeConstants.HOUR, com.springever.util.android.TimeConstants.DAY}" />
    </annotation>
  </item>
  <item name="com.springever.util.android.TimeUtils java.lang.String getString(java.lang.String, long, int) 2">
    <annotation name="android.support.annotation.IntDef">
      <val name="value" val="{com.springever.util.android.TimeConstants.MSEC, com.springever.util.android.TimeConstants.SEC, com.springever.util.android.TimeConstants.MIN, com.springever.util.android.TimeConstants.HOUR, com.springever.util.android.TimeConstants.DAY}" />
    </annotation>
  </item>
  <item name="com.springever.util.android.TimeUtils java.lang.String getString(java.util.Date, java.text.DateFormat, long, int) 3">
    <annotation name="android.support.annotation.IntDef">
      <val name="value" val="{com.springever.util.android.TimeConstants.MSEC, com.springever.util.android.TimeConstants.SEC, com.springever.util.android.TimeConstants.MIN, com.springever.util.android.TimeConstants.HOUR, com.springever.util.android.TimeConstants.DAY}" />
    </annotation>
  </item>
  <item name="com.springever.util.android.TimeUtils java.lang.String getString(java.util.Date, long, int) 2">
    <annotation name="android.support.annotation.IntDef">
      <val name="value" val="{com.springever.util.android.TimeConstants.MSEC, com.springever.util.android.TimeConstants.SEC, com.springever.util.android.TimeConstants.MIN, com.springever.util.android.TimeConstants.HOUR, com.springever.util.android.TimeConstants.DAY}" />
    </annotation>
  </item>
  <item name="com.springever.util.android.TimeUtils java.lang.String getString(long, java.text.DateFormat, long, int) 3">
    <annotation name="android.support.annotation.IntDef">
      <val name="value" val="{com.springever.util.android.TimeConstants.MSEC, com.springever.util.android.TimeConstants.SEC, com.springever.util.android.TimeConstants.MIN, com.springever.util.android.TimeConstants.HOUR, com.springever.util.android.TimeConstants.DAY}" />
    </annotation>
  </item>
  <item name="com.springever.util.android.TimeUtils java.lang.String getString(long, long, int) 2">
    <annotation name="android.support.annotation.IntDef">
      <val name="value" val="{com.springever.util.android.TimeConstants.MSEC, com.springever.util.android.TimeConstants.SEC, com.springever.util.android.TimeConstants.MIN, com.springever.util.android.TimeConstants.HOUR, com.springever.util.android.TimeConstants.DAY}" />
    </annotation>
  </item>
  <item name="com.springever.util.android.TimeUtils java.lang.String getStringByNow(long, int) 1">
    <annotation name="android.support.annotation.IntDef">
      <val name="value" val="{com.springever.util.android.TimeConstants.MSEC, com.springever.util.android.TimeConstants.SEC, com.springever.util.android.TimeConstants.MIN, com.springever.util.android.TimeConstants.HOUR, com.springever.util.android.TimeConstants.DAY}" />
    </annotation>
  </item>
  <item name="com.springever.util.android.TimeUtils java.lang.String getStringByNow(long, java.text.DateFormat, int) 2">
    <annotation name="android.support.annotation.IntDef">
      <val name="value" val="{com.springever.util.android.TimeConstants.MSEC, com.springever.util.android.TimeConstants.SEC, com.springever.util.android.TimeConstants.MIN, com.springever.util.android.TimeConstants.HOUR, com.springever.util.android.TimeConstants.DAY}" />
    </annotation>
  </item>
  <item name="com.springever.util.android.TimeUtils java.util.Date getDate(java.lang.String, java.text.DateFormat, long, int) 3">
    <annotation name="android.support.annotation.IntDef">
      <val name="value" val="{com.springever.util.android.TimeConstants.MSEC, com.springever.util.android.TimeConstants.SEC, com.springever.util.android.TimeConstants.MIN, com.springever.util.android.TimeConstants.HOUR, com.springever.util.android.TimeConstants.DAY}" />
    </annotation>
  </item>
  <item name="com.springever.util.android.TimeUtils java.util.Date getDate(java.lang.String, long, int) 2">
    <annotation name="android.support.annotation.IntDef">
      <val name="value" val="{com.springever.util.android.TimeConstants.MSEC, com.springever.util.android.TimeConstants.SEC, com.springever.util.android.TimeConstants.MIN, com.springever.util.android.TimeConstants.HOUR, com.springever.util.android.TimeConstants.DAY}" />
    </annotation>
  </item>
  <item name="com.springever.util.android.TimeUtils java.util.Date getDate(java.util.Date, long, int) 2">
    <annotation name="android.support.annotation.IntDef">
      <val name="value" val="{com.springever.util.android.TimeConstants.MSEC, com.springever.util.android.TimeConstants.SEC, com.springever.util.android.TimeConstants.MIN, com.springever.util.android.TimeConstants.HOUR, com.springever.util.android.TimeConstants.DAY}" />
    </annotation>
  </item>
  <item name="com.springever.util.android.TimeUtils java.util.Date getDate(long, long, int) 2">
    <annotation name="android.support.annotation.IntDef">
      <val name="value" val="{com.springever.util.android.TimeConstants.MSEC, com.springever.util.android.TimeConstants.SEC, com.springever.util.android.TimeConstants.MIN, com.springever.util.android.TimeConstants.HOUR, com.springever.util.android.TimeConstants.DAY}" />
    </annotation>
  </item>
  <item name="com.springever.util.android.TimeUtils java.util.Date getDateByNow(long, int) 1">
    <annotation name="android.support.annotation.IntDef">
      <val name="value" val="{com.springever.util.android.TimeConstants.MSEC, com.springever.util.android.TimeConstants.SEC, com.springever.util.android.TimeConstants.MIN, com.springever.util.android.TimeConstants.HOUR, com.springever.util.android.TimeConstants.DAY}" />
    </annotation>
  </item>
  <item name="com.springever.util.android.TimeUtils long getMillis(java.lang.String, java.text.DateFormat, long, int) 3">
    <annotation name="android.support.annotation.IntDef">
      <val name="value" val="{com.springever.util.android.TimeConstants.MSEC, com.springever.util.android.TimeConstants.SEC, com.springever.util.android.TimeConstants.MIN, com.springever.util.android.TimeConstants.HOUR, com.springever.util.android.TimeConstants.DAY}" />
    </annotation>
  </item>
  <item name="com.springever.util.android.TimeUtils long getMillis(java.lang.String, long, int) 2">
    <annotation name="android.support.annotation.IntDef">
      <val name="value" val="{com.springever.util.android.TimeConstants.MSEC, com.springever.util.android.TimeConstants.SEC, com.springever.util.android.TimeConstants.MIN, com.springever.util.android.TimeConstants.HOUR, com.springever.util.android.TimeConstants.DAY}" />
    </annotation>
  </item>
  <item name="com.springever.util.android.TimeUtils long getMillis(java.util.Date, long, int) 2">
    <annotation name="android.support.annotation.IntDef">
      <val name="value" val="{com.springever.util.android.TimeConstants.MSEC, com.springever.util.android.TimeConstants.SEC, com.springever.util.android.TimeConstants.MIN, com.springever.util.android.TimeConstants.HOUR, com.springever.util.android.TimeConstants.DAY}" />
    </annotation>
  </item>
  <item name="com.springever.util.android.TimeUtils long getMillis(long, long, int) 2">
    <annotation name="android.support.annotation.IntDef">
      <val name="value" val="{com.springever.util.android.TimeConstants.MSEC, com.springever.util.android.TimeConstants.SEC, com.springever.util.android.TimeConstants.MIN, com.springever.util.android.TimeConstants.HOUR, com.springever.util.android.TimeConstants.DAY}" />
    </annotation>
  </item>
  <item name="com.springever.util.android.TimeUtils long getMillisByNow(long, int) 1">
    <annotation name="android.support.annotation.IntDef">
      <val name="value" val="{com.springever.util.android.TimeConstants.MSEC, com.springever.util.android.TimeConstants.SEC, com.springever.util.android.TimeConstants.MIN, com.springever.util.android.TimeConstants.HOUR, com.springever.util.android.TimeConstants.DAY}" />
    </annotation>
  </item>
  <item name="com.springever.util.android.TimeUtils long getTimeSpan(java.lang.String, java.lang.String, int) 2">
    <annotation name="android.support.annotation.IntDef">
      <val name="value" val="{com.springever.util.android.TimeConstants.MSEC, com.springever.util.android.TimeConstants.SEC, com.springever.util.android.TimeConstants.MIN, com.springever.util.android.TimeConstants.HOUR, com.springever.util.android.TimeConstants.DAY}" />
    </annotation>
  </item>
  <item name="com.springever.util.android.TimeUtils long getTimeSpan(java.lang.String, java.lang.String, java.text.DateFormat, int) 3">
    <annotation name="android.support.annotation.IntDef">
      <val name="value" val="{com.springever.util.android.TimeConstants.MSEC, com.springever.util.android.TimeConstants.SEC, com.springever.util.android.TimeConstants.MIN, com.springever.util.android.TimeConstants.HOUR, com.springever.util.android.TimeConstants.DAY}" />
    </annotation>
  </item>
  <item name="com.springever.util.android.TimeUtils long getTimeSpan(java.util.Date, java.util.Date, int) 2">
    <annotation name="android.support.annotation.IntDef">
      <val name="value" val="{com.springever.util.android.TimeConstants.MSEC, com.springever.util.android.TimeConstants.SEC, com.springever.util.android.TimeConstants.MIN, com.springever.util.android.TimeConstants.HOUR, com.springever.util.android.TimeConstants.DAY}" />
    </annotation>
  </item>
  <item name="com.springever.util.android.TimeUtils long getTimeSpan(long, long, int) 2">
    <annotation name="android.support.annotation.IntDef">
      <val name="value" val="{com.springever.util.android.TimeConstants.MSEC, com.springever.util.android.TimeConstants.SEC, com.springever.util.android.TimeConstants.MIN, com.springever.util.android.TimeConstants.HOUR, com.springever.util.android.TimeConstants.DAY}" />
    </annotation>
  </item>
  <item name="com.springever.util.android.TimeUtils long getTimeSpanByNow(java.lang.String, int) 1">
    <annotation name="android.support.annotation.IntDef">
      <val name="value" val="{com.springever.util.android.TimeConstants.MSEC, com.springever.util.android.TimeConstants.SEC, com.springever.util.android.TimeConstants.MIN, com.springever.util.android.TimeConstants.HOUR, com.springever.util.android.TimeConstants.DAY}" />
    </annotation>
  </item>
  <item name="com.springever.util.android.TimeUtils long getTimeSpanByNow(java.lang.String, java.text.DateFormat, int) 2">
    <annotation name="android.support.annotation.IntDef">
      <val name="value" val="{com.springever.util.android.TimeConstants.MSEC, com.springever.util.android.TimeConstants.SEC, com.springever.util.android.TimeConstants.MIN, com.springever.util.android.TimeConstants.HOUR, com.springever.util.android.TimeConstants.DAY}" />
    </annotation>
  </item>
  <item name="com.springever.util.android.TimeUtils long getTimeSpanByNow(java.util.Date, int) 1">
    <annotation name="android.support.annotation.IntDef">
      <val name="value" val="{com.springever.util.android.TimeConstants.MSEC, com.springever.util.android.TimeConstants.SEC, com.springever.util.android.TimeConstants.MIN, com.springever.util.android.TimeConstants.HOUR, com.springever.util.android.TimeConstants.DAY}" />
    </annotation>
  </item>
  <item name="com.springever.util.android.TimeUtils long getTimeSpanByNow(long, int) 1">
    <annotation name="android.support.annotation.IntDef">
      <val name="value" val="{com.springever.util.android.TimeConstants.MSEC, com.springever.util.android.TimeConstants.SEC, com.springever.util.android.TimeConstants.MIN, com.springever.util.android.TimeConstants.HOUR, com.springever.util.android.TimeConstants.DAY}" />
    </annotation>
  </item>
  <item name="com.springever.util.android.TimeUtils long millis2TimeSpan(long, int) 1">
    <annotation name="android.support.annotation.IntDef">
      <val name="value" val="{com.springever.util.android.TimeConstants.MSEC, com.springever.util.android.TimeConstants.SEC, com.springever.util.android.TimeConstants.MIN, com.springever.util.android.TimeConstants.HOUR, com.springever.util.android.TimeConstants.DAY}" />
    </annotation>
  </item>
  <item name="com.springever.util.android.TimeUtils long timeSpan2Millis(long, int) 1">
    <annotation name="android.support.annotation.IntDef">
      <val name="value" val="{com.springever.util.android.TimeConstants.MSEC, com.springever.util.android.TimeConstants.SEC, com.springever.util.android.TimeConstants.MIN, com.springever.util.android.TimeConstants.HOUR, com.springever.util.android.TimeConstants.DAY}" />
    </annotation>
  </item>
</root>

